<ImportExportXml xmlns:xsi="http://www.w3.org/2001/XMLSchema-instance">
  <Entities></Entities>
  <Roles></Roles>
  <Workflows>
    <Workflow WorkflowId="{1088273f-43a5-ed11-aad1-000d3a292a69}" Name="RPA_Monitoring_Tool_ErrorLogs">
      <JsonFileName>/Workflows/RPA_Monitoring_Tool_ErrorLogs-1088273F-43A5-ED11-AAD1-000D3A292A69.json</JsonFileName>
      <Type>1</Type>
      <Subprocess>0</Subprocess>
      <Category>5</Category>
      <Mode>0</Mode>
      <Scope>4</Scope>
      <OnDemand>0</OnDemand>
      <TriggerOnCreate>0</TriggerOnCreate>
      <TriggerOnDelete>0</TriggerOnDelete>
      <AsyncAutodelete>0</AsyncAutodelete>
      <SyncWorkflowLogOnFailure>0</SyncWorkflowLogOnFailure>
      <StateCode>0</StateCode>
      <StatusCode>1</StatusCode>
      <RunAs>1</RunAs>
      <IsTransacted>1</IsTransacted>
      <IntroducedVersion>1.0.0.0</IntroducedVersion>
      <IsCustomizable>1</IsCustomizable>
      <BusinessProcessType>0</BusinessProcessType>
      <IsCustomProcessingStepAllowedForOtherPublishers>1</IsCustomProcessingStepAllowedForOtherPublishers>
      <PrimaryEntity>none</PrimaryEntity>
      <LocalizedNames>
        <LocalizedName languagecode="3082" description="RPA_Monitoring_Tool_ErrorLogs" />
      </LocalizedNames>
    </Workflow>
    <Workflow WorkflowId="{1188273f-43a5-ed11-aad1-000d3a292a69}" Name="RPA_Monitoring_Tool_ScheduledJobs">
      <JsonFileName>/Workflows/RPA_Monitoring_Tool_ScheduledJobs-1188273F-43A5-ED11-AAD1-000D3A292A69.json</JsonFileName>
      <Type>1</Type>
      <Subprocess>0</Subprocess>
      <Category>5</Category>
      <Mode>0</Mode>
      <Scope>4</Scope>
      <OnDemand>0</OnDemand>
      <TriggerOnCreate>0</TriggerOnCreate>
      <TriggerOnDelete>0</TriggerOnDelete>
      <AsyncAutodelete>0</AsyncAutodelete>
      <SyncWorkflowLogOnFailure>0</SyncWorkflowLogOnFailure>
      <StateCode>0</StateCode>
      <StatusCode>1</StatusCode>
      <RunAs>1</RunAs>
      <IsTransacted>1</IsTransacted>
      <IntroducedVersion>1.0.0.0</IntroducedVersion>
      <IsCustomizable>1</IsCustomizable>
      <BusinessProcessType>0</BusinessProcessType>
      <IsCustomProcessingStepAllowedForOtherPublishers>1</IsCustomProcessingStepAllowedForOtherPublishers>
      <PrimaryEntity>none</PrimaryEntity>
      <LocalizedNames>
        <LocalizedName languagecode="3082" description="RPA_Monitoring_Tool_ScheduledJobs" />
      </LocalizedNames>
    </Workflow>
    <Workflow WorkflowId="{a6f40571-43a5-ed11-aad1-000d3a292a69}" Name="CleanUp - RPA_Monitoring_Tool_ScheduledJobs">
      <JsonFileName>/Workflows/CleanUp-RPA_Monitoring_Tool_ScheduledJobs-A6F40571-43A5-ED11-AAD1-000D3A292A69.json</JsonFileName>
      <Type>1</Type>
      <Subprocess>0</Subprocess>
      <Category>5</Category>
      <Mode>0</Mode>
      <Scope>4</Scope>
      <OnDemand>0</OnDemand>
      <TriggerOnCreate>0</TriggerOnCreate>
      <TriggerOnDelete>0</TriggerOnDelete>
      <AsyncAutodelete>0</AsyncAutodelete>
      <SyncWorkflowLogOnFailure>0</SyncWorkflowLogOnFailure>
      <StateCode>0</StateCode>
      <StatusCode>1</StatusCode>
      <RunAs>1</RunAs>
      <IsTransacted>1</IsTransacted>
      <IntroducedVersion>1.0.0.0</IntroducedVersion>
      <IsCustomizable>1</IsCustomizable>
      <BusinessProcessType>0</BusinessProcessType>
      <IsCustomProcessingStepAllowedForOtherPublishers>1</IsCustomProcessingStepAllowedForOtherPublishers>
      <PrimaryEntity>none</PrimaryEntity>
      <LocalizedNames>
        <LocalizedName languagecode="3082" description="CleanUp - RPA_Monitoring_Tool_ScheduledJobs" />
      </LocalizedNames>
    </Workflow>
  </Workflows>
  <FieldSecurityProfiles></FieldSecurityProfiles>
  <Templates />
  <EntityMaps />
  <EntityRelationships />
  <OrganizationSettings />
  <optionsets />
  <CustomControls />
  <EntityDataProviders />
  <CanvasApps>
    <CanvasApp>
      <Name>mpl_rpamonitoringtool_3927e</Name>
      <AppVersion>2023-02-05T10:50:51Z</AppVersion>
      <Status>Ready</Status>
      <CreatedByClientVersion>3.23014.14.0</CreatedByClientVersion>
      <MinClientVersion>3.23014.14.0</MinClientVersion>
      <Tags>{"primaryDeviceWidth":"1366","primaryDeviceHeight":"768","supportsPortrait":"true","supportsLandscape":"true","primaryFormFactor":"Tablet","publisherVersion":"3.23014.14","minimumRequiredApiVersion":"2.2.0","hasComponent":"false","hasUnlockedComponent":"false","isUnifiedRootApp":"false","sienaVersion":"20230205T105051Z-3.23014.14.0"}</Tags>
      <IsCdsUpgraded>0</IsCdsUpgraded>
      <GalleryItemId xsi:nil="true"></GalleryItemId>
      <BackgroundColor>rgba(255, 255, 255, 1)</BackgroundColor>
      <DisplayName>RPA Monitoring Tool</DisplayName>
      <Description>UiPath Robot Monitoring Tool Developed by Manuel Portero Leiva</Description>
      <CommitMessage xsi:nil="true"></CommitMessage>
      <Publisher xsi:nil="true"></Publisher>
      <AuthorizationReferences>[]</AuthorizationReferences>
      <ConnectionReferences>{"99337e7f-d7d0-4970-af40-debc8973c08b":{"id":"/providers/microsoft.powerapps/apis/shared_sharepointonline","displayName":"SharePoint","iconUri":"https://connectoricons-prod.azureedge.net/u/juanq/gateway/greyhound/3000.150.11/1.0.1613.3116/sharepointonline/icon.png","dataSources":["RPA_ScheduledProcess","RPA_DailyErrorLogs","RPA_Communications"],"dependencies":[],"dependents":[],"parameterHints":{},"parameterHintsV2":{},"isOnPremiseConnection":false,"bypassConsent":false,"dataSets":{"https://t8656.sharepoint.com/sites/RPA_Datasets":{"dataSources":{"RPA_ScheduledProcess":{"tableName":"3b7afead-4438-44c0-82eb-4be07bf8202d"},"RPA_DailyErrorLogs":{"tableName":"a148b47a-cf69-4629-927a-81f72dc27cdc"},"RPA_Communications":{"tableName":"5d2c4b5a-e89f-41e1-83d3-3d68ff34446c"}}}},"apiTier":"Standard","actions":["providers/PowerPlatform.Governance/Operations/Read","providers/PowerPlatform.Governance/Operations/Write"]},"0c16825a-8d6e-4051-b986-ab79e0efc3b5":{"id":"/providers/microsoft.powerapps/apis/shared_office365","displayName":"Office 365 Outlook","iconUri":"https://connectoricons-prod.azureedge.net/releases/v1.0.1615/1.0.1615.3163/office365/icon.png","dataSources":["Office365Outlook"],"dependencies":[],"dependents":["996be347-cc3b-4b1c-83ef-b2ed9c30aac4"],"parameterHints":{},"parameterHintsV2":{},"isOnPremiseConnection":false,"bypassConsent":false,"dataSets":{},"apiTier":"Standard","actions":["GetEventsCalendarViewV2","CalendarGetTables"]},"b978d3ed-caad-4184-86e9-73e952ac3de5":{"id":"/providers/microsoft.powerapps/apis/shared_office365users","displayName":"Usuarios de Office 365","iconUri":"https://connectoricons-prod.azureedge.net/releases/v1.0.1611/1.0.1611.3104/office365users/icon.png","dataSources":["UsuariosdeOffice365"],"dependencies":[],"dependents":[],"parameterHints":{},"parameterHintsV2":{},"isOnPremiseConnection":false,"bypassConsent":false,"dataSets":{},"apiTier":"Standard"},"c8eaa72f-ebdc-49ca-882d-ac7515f9965b":{"id":"/providers/microsoft.powerapps/apis/shared_azuread","displayName":"Azure AD","iconUri":"https://connectoricons-prod.azureedge.net/releases/v1.0.1600/1.0.1600.3026/azuread/icon.png","dataSources":["AzureAD"],"dependencies":[],"dependents":[],"parameterHints":{},"parameterHintsV2":{},"isOnPremiseConnection":false,"bypassConsent":false,"dataSets":{},"apiTier":"Standard","actions":["GetGroupMembers"]},"996be347-cc3b-4b1c-83ef-b2ed9c30aac4":{"id":"/providers/microsoft.powerapps/apis/shared_logicflows","displayName":"Flujos lógicos","iconUri":"https://connectoricons-prod.azureedge.net/releases/v1.0.1615/1.0.1615.3163/logicflows/icon.png","dataSources":["RPA_Monitoring_Tool_Communication"],"dependencies":["0c16825a-8d6e-4051-b986-ab79e0efc3b5"],"dependents":[],"parameterHints":{"workflowName":{"value":"f005534f-33fa-4c4c-9103-bd73f227aa8d"},"workflowEntityId":{},"0c16825a-8d6e-4051-b986-ab79e0efc3b5":{"value":"shared_office365"}},"parameterHintsV2":{"workflowName":{"value":"f005534f-33fa-4c4c-9103-bd73f227aa8d"},"workflowEntityId":{},"shared_office365":{"value":"0c16825a-8d6e-4051-b986-ab79e0efc3b5"}},"isOnPremiseConnection":false,"bypassConsent":false,"dataSets":{},"apiTier":"Standard","actions":["Run"]},"3d3c5cb3-06e6-4f2a-b637-6d2049500179":{"id":"/providers/microsoft.powerapps/apis/shared_logicflows","displayName":"Flujos lógicos","iconUri":"https://connectoricons-prod.azureedge.net/releases/v1.0.1615/1.0.1615.3163/logicflows/icon.png","dataSources":["RPA_Monitoring_Tool_Machines"],"dependencies":["f6db90f0-8b4e-4ee7-97d3-f37b5c356442"],"dependents":[],"parameterHints":{"workflowName":{"value":"c14fa1f0-75ae-4349-8d69-1fe51ebf2d0c"},"workflowEntityId":{},"f6db90f0-8b4e-4ee7-97d3-f37b5c356442":{"value":"shared_azurevm"}},"parameterHintsV2":{"workflowName":{"value":"c14fa1f0-75ae-4349-8d69-1fe51ebf2d0c"},"workflowEntityId":{},"shared_azurevm":{"value":"f6db90f0-8b4e-4ee7-97d3-f37b5c356442"}},"isOnPremiseConnection":false,"bypassConsent":false,"dataSets":{},"apiTier":"Standard","actions":["Run"]},"f6db90f0-8b4e-4ee7-97d3-f37b5c356442":{"id":"/providers/microsoft.powerapps/apis/shared_azurevm","displayName":"VM de Azure","iconUri":"https://connectoricons-prod.azureedge.net/releases/v1.0.1567/1.0.1567.2748/azurevm/icon.png","dataSources":[],"dependencies":[],"dependents":["3d3c5cb3-06e6-4f2a-b637-6d2049500179"],"parameterHints":{},"parameterHintsV2":{},"isOnPremiseConnection":false,"bypassConsent":false,"dataSets":{},"apiTier":"Premium"},"76b52818-4d2f-4fe8-833c-5a429fc8db55":{"id":"/providers/microsoft.powerapps/apis/shared_logicflows","displayName":"Flujos lógicos","iconUri":"https://connectoricons-prod.azureedge.net/releases/v1.0.1615/1.0.1615.3163/logicflows/icon.png","dataSources":["RPA_Monitoring_Tool_Devops"],"dependencies":["a7037a1f-da95-4c46-a5bd-a30f223b6eac"],"dependents":[],"parameterHints":{"workflowName":{"value":"ae5aaa67-9984-4cc9-b3ce-6644e451f779"},"workflowEntityId":{},"a7037a1f-da95-4c46-a5bd-a30f223b6eac":{"value":"shared_visualstudioteamservices"}},"parameterHintsV2":{"workflowName":{"value":"ae5aaa67-9984-4cc9-b3ce-6644e451f779"},"workflowEntityId":{},"shared_visualstudioteamservices":{"value":"a7037a1f-da95-4c46-a5bd-a30f223b6eac"}},"isOnPremiseConnection":false,"bypassConsent":false,"dataSets":{},"apiTier":"Standard","actions":["Run"]},"a7037a1f-da95-4c46-a5bd-a30f223b6eac":{"id":"/providers/microsoft.powerapps/apis/shared_visualstudioteamservices","displayName":"Azure DevOps","iconUri":"https://connectoricons-prod.azureedge.net/releases/v1.0.1604/1.0.1604.3062/vsts/icon.png","dataSources":[],"dependencies":[],"dependents":["76b52818-4d2f-4fe8-833c-5a429fc8db55"],"parameterHints":{},"parameterHintsV2":{},"isOnPremiseConnection":false,"bypassConsent":false,"dataSets":{},"apiTier":"Premium"}}</ConnectionReferences>
      <DatabaseReferences>{}</DatabaseReferences>
      <AppComponents>[]</AppComponents>
      <AppComponentDependencies>[]</AppComponentDependencies>
      <CanConsumeAppPass>1</CanConsumeAppPass>
      <CanvasAppType>0</CanvasAppType>
      <BypassConsent>0</BypassConsent>
      <AdminControlBypassConsent>0</AdminControlBypassConsent>
      <EmbeddedApp xsi:nil="true"></EmbeddedApp>
      <IntroducedVersion>1.0</IntroducedVersion>
      <CdsDependencies>{"cdsdependencies":[]}</CdsDependencies>
      <IsCustomizable>1</IsCustomizable>
      <BackgroundImageUri>/CanvasApps/mpl_rpamonitoringtool_3927e_BackgroundImageUri</BackgroundImageUri>
      <DocumentUri>/CanvasApps/mpl_rpamonitoringtool_3927e_DocumentUri.msapp</DocumentUri>
    </CanvasApp>
  </CanvasApps>
  <Languages>
    <Language>3082</Language>
  </Languages>
</ImportExportXml>