{"schemaVersion":"1.0","appDefinitionTemplate":{"id":"/providers/Microsoft.PowerApps/apps/","type":"Microsoft.PowerApps/apps","tags":{"primaryDeviceWidth":"1366","primaryDeviceHeight":"768","supportsPortrait":"true","supportsLandscape":"true","primaryFormFactor":"Tablet","publisherVersion":"3.23013.12","minimumRequiredApiVersion":"2.2.0","hasComponent":"false","hasUnlockedComponent":"false","isUnifiedRootApp":"false","sienaVersion":"20230126T203757Z-3.23013.12.0"},"properties":{"appVersion":"2023-01-26T20:37:57Z","lifeCycleId":"Published","createdByClientVersion":{"major":3,"minor":23013,"build":12,"revision":0,"majorRevision":0,"minorRevision":0},"minClientVersion":{"major":3,"minor":23013,"build":12,"revision":0,"majorRevision":0,"minorRevision":0},"backgroundColor":"rgba(255, 255, 255, 1)","backgroundImageUri":"/10624116768521459303/Na089ab7b-4b68-4976-ab2c-151c0a78c600-logoSmallFile","displayName":"RPA Monitoring Tool","description":"UiPath Robot Monitoring Tool Developed by Manuel Portero Leiva","commitMessage":"","appUris":{"documentUri":{"value":"/10624116768521459303/Ne4bdedf1-8bc7-45f1-ba17-eb0fc9027435-document.msapp"},"imageUris":[],"additionalUris":[]},"createdTime":"0001-01-01T00:00:00Z","lastModifiedTime":"0001-01-01T00:00:00Z","sharedGroupsCount":0,"sharedUsersCount":0,"icons":{"smallIconUri":"/10624116768521459303/N8b78edb0-e448-489b-ab18-f52060552ead-small.png","mediumIconUri":"/10624116768521459303/N6316ee88-52df-4426-8baa-6eb6dc7dc577-medium.png","largeIconUri":"/10624116768521459303/N297b6ffe-0fc7-473e-8e15-92de2d0b6383-large.png","wideIconUri":"/10624116768521459303/N6e05e952-f8b0-4462-9683-b3a9a7435df5-wide.png"},"connectionReferences":{"99337e7f-d7d0-4970-af40-debc8973c08b":{"id":"82941e9d-6225-4590-aeea-dcdf97cd516a","displayName":"SharePoint","iconUri":"https://connectoricons-prod.azureedge.net/u/juanq/gateway/greyhound/3000.150.11/1.0.1613.3116/sharepointonline/icon.png","dataSources":["RPA_ScheduledProcess","RPA_DailyErrorLogs","RPA_Communications"],"dependencies":[],"dependents":[],"parameterHints":{},"parameterHintsV2":{},"isOnPremiseConnection":false,"bypassConsent":false,"dataSets":{"https://t8656.sharepoint.com/sites/RPA_Datasets":{"dataSources":{"RPA_ScheduledProcess":{"tableName":"3b7afead-4438-44c0-82eb-4be07bf8202d"},"RPA_DailyErrorLogs":{"tableName":"a148b47a-cf69-4629-927a-81f72dc27cdc"},"RPA_Communications":{"tableName":"5d2c4b5a-e89f-41e1-83d3-3d68ff34446c"}}}},"apiTier":"Standard","isCustomApiConnection":false,"actions":["providers/PowerPlatform.Governance/Operations/Read","providers/PowerPlatform.Governance/Operations/Write"]},"0c16825a-8d6e-4051-b986-ab79e0efc3b5":{"id":"852f9df4-93d4-4b8b-8edd-e41e89a0feae","displayName":"Office 365 Outlook","iconUri":"https://connectoricons-prod.azureedge.net/releases/v1.0.1613/1.0.1613.3125/office365/icon.png","dataSources":["Office365Outlook"],"dependencies":[],"dependents":[],"parameterHints":{},"parameterHintsV2":{},"isOnPremiseConnection":false,"bypassConsent":false,"dataSets":{},"apiTier":"Standard","isCustomApiConnection":false,"actions":["GetEventsCalendarViewV2","CalendarGetTables"]},"b978d3ed-caad-4184-86e9-73e952ac3de5":{"id":"7a47eab6-be7b-421f-9a78-8ce23c0836b4","displayName":"Usuarios de Office 365","iconUri":"https://connectoricons-prod.azureedge.net/releases/v1.0.1611/1.0.1611.3104/office365users/icon.png","dataSources":["UsuariosdeOffice365"],"dependencies":[],"dependents":[],"parameterHints":{},"parameterHintsV2":{},"isOnPremiseConnection":false,"bypassConsent":false,"dataSets":{},"apiTier":"Standard","isCustomApiConnection":false},"c8eaa72f-ebdc-49ca-882d-ac7515f9965b":{"id":"0a2e9a7f-c4e0-4695-87d3-de67460a6d10","displayName":"Azure AD","iconUri":"https://connectoricons-prod.azureedge.net/releases/v1.0.1600/1.0.1600.3026/azuread/icon.png","dataSources":["AzureAD"],"dependencies":[],"dependents":[],"parameterHints":{},"parameterHintsV2":{},"isOnPremiseConnection":false,"bypassConsent":false,"dataSets":{},"apiTier":"Standard","isCustomApiConnection":false,"actions":["GetGroupMembers"]}},"databaseReferences":{},"almMode":"Environment","performanceOptimizationEnabled":true,"canConsumeAppPass":true,"enableModernRuntimeMode":false,"executionRestrictions":{"isTeamsOnly":false,"dataLossPreventionEvaluationResult":{"status":"Compliant","lastEvaluationDate":"2023-01-21T10:48:57.6636037Z","violations":[],"violationsByPolicy":[],"violationErrorMessage":"La aplicación usa los siguientes conectores: ."}}},"appType":"ClassicCanvasApp","appComponents":[]}}