{"schemaVersion":"1.0","appDefinitionTemplate":{"id":"/providers/Microsoft.PowerApps/apps/","type":"Microsoft.PowerApps/apps","tags":{"primaryDeviceWidth":"1366","primaryDeviceHeight":"768","supportsPortrait":"true","supportsLandscape":"true","primaryFormFactor":"Tablet","publisherVersion":"3.23014.14","minimumRequiredApiVersion":"2.2.0","hasComponent":"false","hasUnlockedComponent":"false","isUnifiedRootApp":"false","sienaVersion":"20230205T105051Z-3.23014.14.0"},"properties":{"appVersion":"2023-02-05T10:50:51Z","lifeCycleId":"Published","createdByClientVersion":{"major":3,"minor":23014,"build":14,"revision":0,"majorRevision":0,"minorRevision":0},"minClientVersion":{"major":3,"minor":23014,"build":14,"revision":0,"majorRevision":0,"minorRevision":0},"backgroundColor":"rgba(255, 255, 255, 1)","backgroundImageUri":"/10624116768521459303/N7647ba0a-8001-4724-91b8-96beb09be387-logoSmallFile","displayName":"RPA Monitoring Tool","description":"UiPath Robot Monitoring Tool Developed by Manuel Portero Leiva","commitMessage":"","appUris":{"documentUri":{"value":"/10624116768521459303/N4b23c0ad-31c8-4a35-bbbc-fe80419838a8-document.msapp"},"imageUris":[],"additionalUris":[]},"createdTime":"0001-01-01T00:00:00Z","lastModifiedTime":"0001-01-01T00:00:00Z","sharedGroupsCount":0,"sharedUsersCount":0,"icons":{"smallIconUri":"/10624116768521459303/N8eac3fc8-667d-4e29-a054-f54408eef2e7-small.png","mediumIconUri":"/10624116768521459303/N894cf65a-053d-4c4c-8327-9b3c1d21f59c-medium.png","largeIconUri":"/10624116768521459303/Nf9fbdc35-3fac-4542-b2fe-64ad5ef4f08d-large.png","wideIconUri":"/10624116768521459303/Na0925e77-0c8f-4bf0-80de-f01a7acb5f46-wide.png"},"connectionReferences":{"99337e7f-d7d0-4970-af40-debc8973c08b":{"id":"82941e9d-6225-4590-aeea-dcdf97cd516a","displayName":"SharePoint","iconUri":"https://connectoricons-prod.azureedge.net/u/juanq/gateway/greyhound/3000.150.11/1.0.1613.3116/sharepointonline/icon.png","dataSources":["RPA_ScheduledProcess","RPA_DailyErrorLogs","RPA_Communications"],"dependencies":[],"dependents":[],"parameterHints":{},"parameterHintsV2":{},"isOnPremiseConnection":false,"bypassConsent":false,"dataSets":{"https://t8656.sharepoint.com/sites/RPA_Datasets":{"dataSources":{"RPA_ScheduledProcess":{"tableName":"3b7afead-4438-44c0-82eb-4be07bf8202d"},"RPA_DailyErrorLogs":{"tableName":"a148b47a-cf69-4629-927a-81f72dc27cdc"},"RPA_Communications":{"tableName":"5d2c4b5a-e89f-41e1-83d3-3d68ff34446c"}}}},"apiTier":"Standard","isCustomApiConnection":false,"actions":["providers/PowerPlatform.Governance/Operations/Read","providers/PowerPlatform.Governance/Operations/Write"]},"0c16825a-8d6e-4051-b986-ab79e0efc3b5":{"id":"852f9df4-93d4-4b8b-8edd-e41e89a0feae","displayName":"Office 365 Outlook","iconUri":"https://connectoricons-prod.azureedge.net/releases/v1.0.1615/1.0.1615.3163/office365/icon.png","dataSources":["Office365Outlook"],"dependencies":[],"dependents":["996be347-cc3b-4b1c-83ef-b2ed9c30aac4"],"parameterHints":{},"parameterHintsV2":{},"isOnPremiseConnection":false,"bypassConsent":false,"dataSets":{},"apiTier":"Standard","isCustomApiConnection":false,"actions":["GetEventsCalendarViewV2","CalendarGetTables"]},"b978d3ed-caad-4184-86e9-73e952ac3de5":{"id":"7a47eab6-be7b-421f-9a78-8ce23c0836b4","displayName":"Usuarios de Office 365","iconUri":"https://connectoricons-prod.azureedge.net/releases/v1.0.1611/1.0.1611.3104/office365users/icon.png","dataSources":["UsuariosdeOffice365"],"dependencies":[],"dependents":[],"parameterHints":{},"parameterHintsV2":{},"isOnPremiseConnection":false,"bypassConsent":false,"dataSets":{},"apiTier":"Standard","isCustomApiConnection":false},"c8eaa72f-ebdc-49ca-882d-ac7515f9965b":{"id":"0a2e9a7f-c4e0-4695-87d3-de67460a6d10","displayName":"Azure AD","iconUri":"https://connectoricons-prod.azureedge.net/releases/v1.0.1600/1.0.1600.3026/azuread/icon.png","dataSources":["AzureAD"],"dependencies":[],"dependents":[],"parameterHints":{},"parameterHintsV2":{},"isOnPremiseConnection":false,"bypassConsent":false,"dataSets":{},"apiTier":"Standard","isCustomApiConnection":false,"actions":["GetGroupMembers"]},"996be347-cc3b-4b1c-83ef-b2ed9c30aac4":{"id":"1b054fff-6a90-4c45-90f9-58e3b402966e","displayName":"Flujos lógicos","iconUri":"https://connectoricons-prod.azureedge.net/releases/v1.0.1615/1.0.1615.3163/logicflows/icon.png","dataSources":["RPA_Monitoring_Tool_Communication"],"dependencies":["0c16825a-8d6e-4051-b986-ab79e0efc3b5"],"dependents":[],"parameterHints":{"workflowName":{"value":"4f5bf0ce-a13f-40ae-aab5-7638670dbebc"},"workflowEntityId":{},"0c16825a-8d6e-4051-b986-ab79e0efc3b5":{"value":"shared_office365"}},"parameterHintsV2":{"workflowName":{"value":"4f5bf0ce-a13f-40ae-aab5-7638670dbebc"},"workflowEntityId":{},"shared_office365":{"value":"0c16825a-8d6e-4051-b986-ab79e0efc3b5"}},"isOnPremiseConnection":false,"bypassConsent":false,"dataSets":{},"apiTier":"Standard","isCustomApiConnection":false,"actions":["Run"],"nestedActions":[{"id":"/providers/Microsoft.PowerApps/apis/shared_office365/apiOperations/SendEmailV2","apiName":"Office 365 Outlook","actionName":"SendEmailV2","referencedResources":[]}]},"3d3c5cb3-06e6-4f2a-b637-6d2049500179":{"id":"1b054fff-6a90-4c45-90f9-58e3b402966e","displayName":"Flujos lógicos","iconUri":"https://connectoricons-prod.azureedge.net/releases/v1.0.1615/1.0.1615.3163/logicflows/icon.png","dataSources":["RPA_Monitoring_Tool_Machines"],"dependencies":["f6db90f0-8b4e-4ee7-97d3-f37b5c356442"],"dependents":[],"parameterHints":{"workflowName":{"value":"a390719e-82f6-4a1b-9386-d0743263de0e"},"workflowEntityId":{},"f6db90f0-8b4e-4ee7-97d3-f37b5c356442":{"value":"shared_azurevm"}},"parameterHintsV2":{"workflowName":{"value":"a390719e-82f6-4a1b-9386-d0743263de0e"},"workflowEntityId":{},"shared_azurevm":{"value":"f6db90f0-8b4e-4ee7-97d3-f37b5c356442"}},"isOnPremiseConnection":false,"bypassConsent":false,"dataSets":{},"apiTier":"Standard","isCustomApiConnection":false,"actions":["Run"],"nestedActions":[{"id":"/providers/Microsoft.PowerApps/apis/shared_azurevm/apiOperations/VirtualMachine_Restart","apiName":"VM de Azure","actionName":"VirtualMachine_Restart","referencedResources":[]}]},"f6db90f0-8b4e-4ee7-97d3-f37b5c356442":{"id":"758c42e8-825d-4772-b5ec-d87fd335da21","displayName":"VM de Azure","iconUri":"https://connectoricons-prod.azureedge.net/releases/v1.0.1567/1.0.1567.2748/azurevm/icon.png","dataSources":[],"dependencies":[],"dependents":["3d3c5cb3-06e6-4f2a-b637-6d2049500179"],"parameterHints":{},"parameterHintsV2":{},"isOnPremiseConnection":false,"bypassConsent":false,"dataSets":{},"apiTier":"Premium","isCustomApiConnection":false},"76b52818-4d2f-4fe8-833c-5a429fc8db55":{"id":"1b054fff-6a90-4c45-90f9-58e3b402966e","displayName":"Flujos lógicos","iconUri":"https://connectoricons-prod.azureedge.net/releases/v1.0.1615/1.0.1615.3163/logicflows/icon.png","dataSources":["RPA_Monitoring_Tool_Devops"],"dependencies":["a7037a1f-da95-4c46-a5bd-a30f223b6eac"],"dependents":[],"parameterHints":{"workflowName":{"value":"019f34c7-406c-465e-92b5-14bdbe6b998c"},"workflowEntityId":{},"a7037a1f-da95-4c46-a5bd-a30f223b6eac":{"value":"shared_visualstudioteamservices"}},"parameterHintsV2":{"workflowName":{"value":"019f34c7-406c-465e-92b5-14bdbe6b998c"},"workflowEntityId":{},"shared_visualstudioteamservices":{"value":"a7037a1f-da95-4c46-a5bd-a30f223b6eac"}},"isOnPremiseConnection":false,"bypassConsent":false,"dataSets":{},"apiTier":"Standard","isCustomApiConnection":false,"actions":["Run"],"nestedActions":[{"id":"/providers/Microsoft.PowerApps/apis/shared_visualstudioteamservices/apiOperations/CreateWorkItem","apiName":"Azure DevOps","actionName":"CreateWorkItem","referencedResources":[]}]},"a7037a1f-da95-4c46-a5bd-a30f223b6eac":{"id":"da4444fa-3240-4cde-a094-b24c4c1ef201","displayName":"Azure DevOps","iconUri":"https://connectoricons-prod.azureedge.net/releases/v1.0.1604/1.0.1604.3062/vsts/icon.png","dataSources":[],"dependencies":[],"dependents":["76b52818-4d2f-4fe8-833c-5a429fc8db55"],"parameterHints":{},"parameterHintsV2":{},"isOnPremiseConnection":false,"bypassConsent":false,"dataSets":{},"apiTier":"Premium","isCustomApiConnection":false}},"databaseReferences":{},"almMode":"Solution","performanceOptimizationEnabled":true,"canConsumeAppPass":true,"enableModernRuntimeMode":false,"executionRestrictions":{"isTeamsOnly":false,"dataLossPreventionEvaluationResult":{"status":"Compliant","lastEvaluationDate":"2023-02-05T10:51:08.9674246Z","violations":[],"violationsByPolicy":[],"violationErrorMessage":"La aplicación usa los siguientes conectores: shared_sharepointonline, shared_office365, shared_office365users, shared_azuread, shared_logicflows, shared_azurevm, shared_visualstudioteamservices."},"httpActionRestriction":{"appUsesSharepointHttpAction":false,"enforcementStrategy":"Legacy","evaluationTime":"2023-02-05T10:51:08.9673336Z"}}},"appType":"ClassicCanvasApp","appComponents":[]}}