{
  "properties": {
    "connectionReferences": {
      "shared_sharepointonline": {
        "runtimeSource": "embedded",
        "connection": {},
        "api": {
          "name": "shared_sharepointonline"
        }
      }
    },
    "definition": {
      "$schema": "https://schema.management.azure.com/providers/Microsoft.Logic/schemas/2016-06-01/workflowdefinition.json#",
      "contentVersion": "1.0.0.0",
      "parameters": {
        "$connections": {
          "defaultValue": {},
          "type": "Object"
        },
        "$authentication": {
          "defaultValue": {},
          "type": "SecureObject"
        }
      },
      "triggers": {
        "Recurrence": {
          "recurrence": {
            "frequency": "Hour",
            "interval": 1
          },
          "metadata": {
            "operationMetadataId": "a418d226-526c-4b6f-9c22-e4e6980c37ea"
          },
          "type": "Recurrence"
        }
      },
      "actions": {
        "Current_time": {
          "runAfter": {},
          "metadata": {
            "operationMetadataId": "5b6d7287-9778-4298-86fd-e1d6a4daf02a"
          },
          "type": "Expression",
          "kind": "CurrentTime",
          "inputs": {}
        },
        "Convert_time_zone": {
          "runAfter": {
            "Current_time": [
              "Succeeded"
            ]
          },
          "metadata": {
            "operationMetadataId": "b68a7fa5-41fd-4d3a-94d7-b103a5e6ef68"
          },
          "type": "Expression",
          "kind": "ConvertTimeZone",
          "inputs": {
            "baseTime": "@body('Current_time')",
            "formatString": "r",
            "sourceTimeZone": "UTC",
            "destinationTimeZone": "Romance Standard Time"
          }
        },
        "Set_UserKey": {
          "runAfter": {
            "Convert_time_zone": [
              "Succeeded"
            ]
          },
          "metadata": {
            "operationMetadataId": "03dae1b6-dcfe-4a4b-b56a-2c38fa698e74"
          },
          "type": "InitializeVariable",
          "inputs": {
            "variables": [
              {
                "name": "userKey",
                "type": "string",
                "value": "\"\""
              }
            ]
          }
        },
        "Set_TenantUrl": {
          "runAfter": {
            "Set_UserKey": [
              "Succeeded"
            ]
          },
          "metadata": {
            "operationMetadataId": "68199348-bcd1-4bf9-bcec-a5aa903db843"
          },
          "type": "InitializeVariable",
          "inputs": {
            "variables": [
              {
                "name": "tenantUrl",
                "type": "string",
                "value": "https://cloud.uipath.com/steeltitansax/DefaultTenant"
              }
            ]
          }
        },
        "Set_ClientId": {
          "runAfter": {
            "Set_TenantUrl": [
              "Succeeded"
            ]
          },
          "metadata": {
            "operationMetadataId": "362ffe7b-bfcf-4954-a6fc-e1acda6bf193"
          },
          "type": "InitializeVariable",
          "inputs": {
            "variables": [
              {
                "name": "ClientId",
                "type": "string",
                "value": "942ea57f-6d8b-410d-9ad4-b74d099f532f"
              }
            ]
          }
        },
        "Set_ClientSecret": {
          "runAfter": {
            "Set_ClientId": [
              "Succeeded"
            ]
          },
          "metadata": {
            "operationMetadataId": "ec008cb8-eed3-4472-9cb8-7adbcc9976ec"
          },
          "type": "InitializeVariable",
          "inputs": {
            "variables": [
              {
                "name": "clientSecret",
                "type": "string",
                "value": "!UhfKBwmMljZ3Fk8"
              }
            ]
          }
        },
        "Set_Scope": {
          "runAfter": {
            "Set_ClientSecret": [
              "Succeeded"
            ]
          },
          "metadata": {
            "operationMetadataId": "48bcc970-04d0-4e2d-9b07-7dd5bf06cd88"
          },
          "type": "InitializeVariable",
          "inputs": {
            "variables": [
              {
                "name": "scope",
                "type": "string",
                "value": "OR.Administration OR.Administration.Read OR.Administration.Write OR.Analytics OR.Analytics.Read OR.Analytics.Write  OR.Assets OR.Assets.Read OR.Assets.Write OR.Audit OR.Audit.Read OR.Audit.Write  OR.BackgroundTasks OR.BackgroundTasks.Read OR.BackgroundTasks.Write OR.Execution OR.Execution.Read OR.Execution.Write OR.Folders OR.Folders.Read OR.Folders.Write OR.Hypervisor OR.Hypervisor.Read OR.Hypervisor.Write OR.Jobs OR.Jobs.Read OR.Jobs.Write OR.Robots OR.Robots.Read OR.Robots.Write OR.Monitoring"
              }
            ]
          }
        },
        "Set_Access_Token": {
          "runAfter": {
            "Set_Scope": [
              "Succeeded"
            ]
          },
          "metadata": {
            "operationMetadataId": "1a96ff89-9198-419e-b6c2-647fbad643c9"
          },
          "type": "InitializeVariable",
          "inputs": {
            "variables": [
              {
                "name": "accessToken",
                "type": "string",
                "value": "\"\""
              }
            ]
          }
        },
        "Try": {
          "actions": {
            "HTTP_Authentication_Request": {
              "runAfter": {},
              "metadata": {
                "operationMetadataId": "ff3b3948-d53c-4048-ab67-08d13d2898a4"
              },
              "type": "Http",
              "inputs": {
                "method": "POST",
                "uri": "https://cloud.uipath.com/identity_/connect/token",
                "headers": {
                  "Content-Type": "application/x-www-form-urlencoded"
                },
                "body": "grant_type=client_credentials&client_id=@{variables('ClientId')}&client_secret=@{variables('clientSecret')}&scope=@{variables('scope')}"
              }
            },
            "Parse_Authentication_Request": {
              "runAfter": {
                "HTTP_Authentication_Request": [
                  "Succeeded"
                ]
              },
              "metadata": {
                "operationMetadataId": "688b3f53-44eb-4ba9-9f99-381cb5ced3d6"
              },
              "type": "ParseJson",
              "inputs": {
                "content": "@body('HTTP_Authentication_Request')",
                "schema": {
                  "type": "object",
                  "properties": {
                    "access_token": {
                      "type": "string"
                    }
                  }
                }
              }
            },
            "Reset_Access_Token": {
              "runAfter": {
                "Parse_Authentication_Request": [
                  "Succeeded"
                ]
              },
              "metadata": {
                "operationMetadataId": "94ad24f8-d2c5-4492-ad6c-22b90fff2db4"
              },
              "type": "SetVariable",
              "inputs": {
                "name": "accessToken",
                "value": "@body('Parse_Authentication_Request')?['access_token']"
              }
            },
            "HTTP_Get_Robot_Logs": {
              "runAfter": {
                "Reset_Access_Token": [
                  "Succeeded"
                ]
              },
              "metadata": {
                "operationMetadataId": "4ff56004-e8c2-4da6-860e-08dfb2023b2e"
              },
              "type": "Http",
              "inputs": {
                "method": "GET",
                "uri": "@{variables('tenantUrl')}/orchestrator_/odata/RobotLogs?$filter=(TimeStamp gt @{addDays(body('Convert_time_zone'),-1)} )",
                "headers": {
                  "Authorization": "Bearer @{variables('accessToken')}",
                  "Connection": "keep-alive",
                  "Accept-Encoding": "gzip,deflate,br",
                  "Accept": "*/*",
                  "X-UIPATH-FolderPath": "Main"
                }
              }
            },
            "Parse_JSON": {
              "runAfter": {
                "HTTP_Get_Robot_Logs": [
                  "Succeeded"
                ]
              },
              "metadata": {
                "operationMetadataId": "431a2315-b657-44d8-b9e1-6e9ed290abfa"
              },
              "type": "ParseJson",
              "inputs": {
                "content": "@body('HTTP_Get_Robot_Logs')",
                "schema": {
                  "type": "object",
                  "properties": {
                    "@@odata.context": {
                      "type": "string"
                    },
                    "@@odata.count": {
                      "type": "integer"
                    },
                    "value": {
                      "type": "array",
                      "items": {
                        "type": "object",
                        "properties": {
                          "Level": {
                            "type": "string"
                          },
                          "WindowsIdentity": {
                            "type": "string"
                          },
                          "ProcessName": {
                            "type": "string"
                          },
                          "TimeStamp": {
                            "type": "string"
                          },
                          "Message": {
                            "type": "string"
                          },
                          "JobKey": {
                            "type": "string"
                          },
                          "RawMessage": {
                            "type": "string"
                          },
                          "RobotName": {
                            "type": "string"
                          },
                          "HostMachineName": {
                            "type": "string"
                          },
                          "MachineId": {
                            "type": "integer"
                          },
                          "RuntimeType": {},
                          "Id": {
                            "type": "integer"
                          }
                        },
                        "required": [
                          "Level",
                          "WindowsIdentity",
                          "ProcessName",
                          "TimeStamp",
                          "Message",
                          "JobKey",
                          "RawMessage",
                          "RobotName",
                          "HostMachineName",
                          "MachineId",
                          "RuntimeType",
                          "Id"
                        ]
                      }
                    }
                  }
                }
              }
            },
            "Filter_array_by_Error": {
              "runAfter": {
                "Parse_JSON": [
                  "Succeeded"
                ]
              },
              "metadata": {
                "operationMetadataId": "e26d7e8a-60a5-498f-908b-5cb3879861be"
              },
              "type": "Query",
              "inputs": {
                "from": "@body('Parse_JSON')?['value']",
                "where": "@equals(item()?['Level'], 'Error')"
              }
            },
            "Apply_to_each": {
              "foreach": "@body('Filter_array_by_Error')",
              "actions": {
                "Create_item": {
                  "runAfter": {},
                  "metadata": {
                    "operationMetadataId": "18c4ed88-70a3-4cd1-b56e-0805399f82a3"
                  },
                  "type": "OpenApiConnection",
                  "inputs": {
                    "host": {
                      "apiId": "/providers/Microsoft.PowerApps/apis/shared_sharepointonline",
                      "connectionName": "shared_sharepointonline",
                      "operationId": "PostItem"
                    },
                    "parameters": {
                      "dataset": "https://t8656.sharepoint.com/sites/RPA_Datasets",
                      "table": "a148b47a-cf69-4629-927a-81f72dc27cdc",
                      "item/Title": "@items('Apply_to_each')?['Level']",
                      "item/WindowsIdentity": "@items('Apply_to_each')?['WindowsIdentity']",
                      "item/ProcessName": "@items('Apply_to_each')?['ProcessName']",
                      "item/TimeStamp": "@items('Apply_to_each')?['TimeStamp']",
                      "item/Message": "@items('Apply_to_each')?['Message']"
                    },
                    "authentication": "@parameters('$authentication')"
                  }
                }
              },
              "runAfter": {
                "Filter_array_by_Error": [
                  "Succeeded"
                ]
              },
              "metadata": {
                "operationMetadataId": "e29ce788-d854-4bd9-bced-07c1d77d9a01"
              },
              "type": "Foreach"
            }
          },
          "runAfter": {
            "Clear_List_Recursivelly": [
              "Succeeded"
            ]
          },
          "metadata": {
            "operationMetadataId": "43a14bb6-3b45-44d4-930c-8fada95b4ca3"
          },
          "type": "Scope"
        },
        "Clear_List_Recursivelly": {
          "actions": {
            "List_items_in_Sharepoint_List": {
              "runAfter": {},
              "metadata": {
                "operationMetadataId": "318868df-b100-4e88-9808-92dbcdf1e575"
              },
              "type": "OpenApiConnection",
              "inputs": {
                "host": {
                  "apiId": "/providers/Microsoft.PowerApps/apis/shared_sharepointonline",
                  "connectionName": "shared_sharepointonline",
                  "operationId": "GetItems"
                },
                "parameters": {
                  "dataset": "https://t8656.sharepoint.com/sites/RPA_Datasets",
                  "table": "a148b47a-cf69-4629-927a-81f72dc27cdc"
                },
                "authentication": "@parameters('$authentication')"
              }
            },
            "Apply_to_each_2": {
              "foreach": "@outputs('List_items_in_Sharepoint_List')?['body/value']",
              "actions": {
                "Delete_item": {
                  "runAfter": {},
                  "metadata": {
                    "operationMetadataId": "f722ce92-d540-4d6f-9325-ff43bb1ea44a"
                  },
                  "type": "OpenApiConnection",
                  "inputs": {
                    "host": {
                      "apiId": "/providers/Microsoft.PowerApps/apis/shared_sharepointonline",
                      "connectionName": "shared_sharepointonline",
                      "operationId": "DeleteItem"
                    },
                    "parameters": {
                      "dataset": "https://t8656.sharepoint.com/sites/RPA_Datasets",
                      "table": "a148b47a-cf69-4629-927a-81f72dc27cdc",
                      "id": "@items('Apply_to_each_2')?['ID']"
                    },
                    "authentication": "@parameters('$authentication')"
                  }
                }
              },
              "runAfter": {
                "List_items_in_Sharepoint_List": [
                  "Succeeded"
                ]
              },
              "metadata": {
                "operationMetadataId": "3353b9ae-2752-46f6-984c-017565c83ea4"
              },
              "type": "Foreach"
            },
            "Check_if_List_is_clear": {
              "runAfter": {
                "Apply_to_each_2": [
                  "Succeeded"
                ]
              },
              "metadata": {
                "operationMetadataId": "1ba0a6e9-d235-475b-bebe-e3932d86b073"
              },
              "type": "OpenApiConnection",
              "inputs": {
                "host": {
                  "apiId": "/providers/Microsoft.PowerApps/apis/shared_sharepointonline",
                  "connectionName": "shared_sharepointonline",
                  "operationId": "GetItems"
                },
                "parameters": {
                  "dataset": "https://t8656.sharepoint.com/sites/RPA_Datasets",
                  "table": "a148b47a-cf69-4629-927a-81f72dc27cdc"
                },
                "authentication": "@parameters('$authentication')"
              }
            },
            "ListClear": {
              "runAfter": {
                "Check_if_List_is_clear": [
                  "Succeeded"
                ]
              },
              "metadata": {
                "operationMetadataId": "989e267c-e871-4bf2-a9fc-174ab4c7f74e"
              },
              "type": "Compose",
              "inputs": "@first(outputs('Check_if_List_is_clear')?['body/value'])"
            },
            "Condition_2": {
              "actions": {
                "Reset_ListClean": {
                  "runAfter": {},
                  "metadata": {
                    "operationMetadataId": "da80dc29-acf9-4264-aa23-3df7e0bb1732"
                  },
                  "type": "SetVariable",
                  "inputs": {
                    "name": "ListClean",
                    "value": "ListClear"
                  }
                }
              },
              "runAfter": {
                "ListClear": [
                  "Succeeded"
                ]
              },
              "expression": {
                "equals": [
                  "@empty(outputs('ListClear'))",
                  true
                ]
              },
              "metadata": {
                "operationMetadataId": "cb1ef1d7-3e28-4083-bd05-2fcbdf5162aa"
              },
              "type": "If"
            }
          },
          "runAfter": {
            "Set_ListClean": [
              "Succeeded"
            ]
          },
          "expression": "@not(contains(variables('ListClean'), 'ListNotClear'))",
          "limit": {
            "count": 60,
            "timeout": "PT1H"
          },
          "metadata": {
            "operationMetadataId": "1d773b26-3dfe-44ce-989c-e8ad27c47409"
          },
          "type": "Until"
        },
        "Set_ListClean": {
          "runAfter": {
            "Set_Access_Token": [
              "Succeeded"
            ]
          },
          "metadata": {
            "operationMetadataId": "7e01a156-2afc-4789-97d3-d5cc11e17ec8"
          },
          "type": "InitializeVariable",
          "inputs": {
            "variables": [
              {
                "name": "ListClean",
                "type": "string",
                "value": "ListNotClear"
              }
            ]
          }
        }
      },
      "outputs": {}
    },
    "templateName": null
  },
  "schemaVersion": "1.0.0.0"
}