{"name":"04df86ad-b1e3-434f-8445-6c91fc68c75a","id":"/providers/Microsoft.Flow/flows/04df86ad-b1e3-434f-8445-6c91fc68c75a","type":"Microsoft.Flow/flows","properties":{"apiId":"/providers/Microsoft.PowerApps/apis/shared_logicflows","displayName":"RPA_Monitoring_Tool_Devops","definition":{"metadata":{"workflowEntityId":null,"processAdvisorMetadata":null,"flowclientsuspensionreason":"None","flowclientsuspensiontime":null,"flowclientsuspensionreasondetails":null,"creator":{"id":"d0461964-21df-40c3-9f36-899bff1d35e4","type":"User","tenantId":"e9112c5c-e4bb-4ab9-8b4c-3692f43531a7"},"provisioningMethod":"FromDefinition","failureAlertSubscription":true,"clientLastModifiedTime":"2023-02-05T10:47:15.9620051Z"},"$schema":"https://schema.management.azure.com/providers/Microsoft.Logic/schemas/2016-06-01/workflowdefinition.json#","contentVersion":"1.0.0.0","parameters":{"$connections":{"defaultValue":{},"type":"Object"},"$authentication":{"defaultValue":{},"type":"SecureObject"}},"triggers":{"manual":{"metadata":{"operationMetadataId":"c7c11569-d83c-4461-b53c-09239178feb6"},"type":"Request","kind":"PowerApp","inputs":{"schema":{"type":"object","properties":{"SetTypeTask_Value":{"type":"string","description":"Enter initial value","x-ms-powerflows-param-ispartial":false},"SetDeveloper_Value":{"type":"string","description":"Enter initial value","x-ms-powerflows-param-ispartial":false},"SetTitle_Value":{"type":"string","description":"Enter initial value","x-ms-powerflows-param-ispartial":false}},"required":["SetTypeTask_Value","SetDeveloper_Value","SetTitle_Value"]}}}},"actions":{"Set_Type_Task":{"runAfter":{},"metadata":{"operationMetadataId":"b22e2df6-b2dc-4e6f-8e5e-a9924becac6e"},"type":"InitializeVariable","inputs":{"variables":[{"name":"Task_Type","type":"string","value":"@{triggerBody()['SetTypeTask_Value']}"}]}},"Set_Developer":{"runAfter":{"Set_Type_Task":["Succeeded"]},"metadata":{"operationMetadataId":"fc59dc86-fc8f-4027-93b6-35a4b445351f"},"type":"InitializeVariable","inputs":{"variables":[{"name":"Developer","type":"string","value":"@{triggerBody()['SetDeveloper_Value']}"}]}},"Set_Title":{"runAfter":{"Set_Developer":["Succeeded"]},"metadata":{"operationMetadataId":"5685cdbd-0c32-4270-b798-24b941ca998e"},"type":"InitializeVariable","inputs":{"variables":[{"name":"Title","type":"string","value":"@{triggerBody()['SetTitle_Value']}"}]}},"Create_a_work_item":{"runAfter":{"Set_Title":["Succeeded"]},"metadata":{"operationMetadataId":"2cd210a6-5fe7-4311-857e-164ccc95a60a"},"type":"OpenApiConnection","inputs":{"host":{"apiId":"/providers/Microsoft.PowerApps/apis/shared_visualstudioteamservices","connectionName":"shared_visualstudioteamservices","operationId":"CreateWorkItem"},"parameters":{"account":"manuelportero0745","project":"MyProject","type":"@variables('Task_Type')","workItem/title":"@variables('Title')","workItem/description":"<p>@{variables('Title')} - @{variables('Developer')}</p>"},"authentication":{"value":"@json(decodeBase64(triggerOutputs().headers['X-MS-APIM-Tokens']))['$ConnectionKey']","type":"Raw"}}},"Respond_to_a_PowerApp_or_flow":{"runAfter":{"Create_a_work_item":["Succeeded"]},"metadata":{"operationMetadataId":"17b00de3-f754-46be-8a98-76863d0df7a2"},"type":"Response","kind":"PowerApp","inputs":{"statusCode":200,"body":{"result":"true"},"schema":{"type":"object","properties":{"result":{"title":"result","x-ms-dynamically-added":true,"type":"string"}}}}}},"outputs":{}},"connectionReferences":{"shared_visualstudioteamservices":{"connectionName":"shared-visualstudiot-01469fc3-e601-4845-89fa-92c3b141f814","source":"Invoker","id":"/providers/Microsoft.PowerApps/apis/shared_visualstudioteamservices","tier":"NotSpecified"}},"flowFailureAlertSubscribed":false,"isManaged":false}}