{"name":"fbaf9126-3023-4d64-893a-ab11f3f9facc","id":"/providers/Microsoft.Flow/flows/fbaf9126-3023-4d64-893a-ab11f3f9facc","type":"Microsoft.Flow/flows","properties":{"apiId":"/providers/Microsoft.PowerApps/apis/shared_logicflows","displayName":"RPA_Monitoring_Tool_Machines","definition":{"metadata":{"workflowEntityId":null,"processAdvisorMetadata":null,"flowclientsuspensionreason":"None","flowclientsuspensiontime":null,"flowclientsuspensionreasondetails":null,"creator":{"id":"d0461964-21df-40c3-9f36-899bff1d35e4","type":"User","tenantId":"e9112c5c-e4bb-4ab9-8b4c-3692f43531a7"},"provisioningMethod":"FromDefinition","failureAlertSubscription":true,"clientLastModifiedTime":"2023-02-05T10:39:31.6997005Z"},"$schema":"https://schema.management.azure.com/providers/Microsoft.Logic/schemas/2016-06-01/workflowdefinition.json#","contentVersion":"1.0.0.0","parameters":{"$connections":{"defaultValue":{},"type":"Object"},"$authentication":{"defaultValue":{},"type":"SecureObject"}},"triggers":{"manual":{"metadata":{"operationMetadataId":"44a10251-a818-46ba-b4b9-63235f7e0a62"},"type":"Request","kind":"PowerApp","inputs":{"schema":{"type":"object","properties":{"SetMachine_Value":{"type":"string","description":"Enter initial value","x-ms-powerflows-param-ispartial":false}},"required":["SetMachine_Value"]}}}},"actions":{"Restart_virtual_machine":{"runAfter":{"Set_Machine":["Succeeded"]},"metadata":{"operationMetadataId":"d91c9b19-fbcb-4c5f-bf38-1db25d05d07a"},"type":"OpenApiConnection","inputs":{"host":{"apiId":"/providers/Microsoft.PowerApps/apis/shared_azurevm","connectionName":"shared_azurevm","operationId":"VirtualMachine_Restart"},"parameters":{"subscriptionId":"2ac71d3e-a5ed-499a-9694-e30869307d3d","resourceGroupName":"My resource","virtualMachineName":"@variables('Machine')"},"authentication":{"value":"@json(decodeBase64(triggerOutputs().headers['X-MS-APIM-Tokens']))['$ConnectionKey']","type":"Raw"}}},"Set_Machine":{"runAfter":{},"metadata":{"operationMetadataId":"106a4776-1165-4f48-97a1-a04dabfeacad"},"type":"InitializeVariable","inputs":{"variables":[{"name":"Machine","type":"string","value":"@{triggerBody()['SetMachine_Value']}"}]}},"Respond_to_a_PowerApp_or_flow":{"runAfter":{"Restart_virtual_machine":["Succeeded"]},"metadata":{"operationMetadataId":"1a0181ef-8501-45bc-85d3-106e2b34d141"},"type":"Response","kind":"PowerApp","inputs":{"statusCode":200,"body":{"result":"true"},"schema":{"type":"object","properties":{"result":{"title":"Result","x-ms-dynamically-added":true,"type":"string"}}}}}},"outputs":{}},"connectionReferences":{"shared_azurevm":{"connectionName":"shared-azurevm-7517d992-e019-49e1-b9d0-a048ec2079e7","source":"Invoker","id":"/providers/Microsoft.PowerApps/apis/shared_azurevm","tier":"NotSpecified"}},"flowFailureAlertSubscribed":false,"isManaged":false}}