{"name":"09c19256-2501-4108-ab4f-41544baf4a0d","id":"/providers/Microsoft.Flow/flows/09c19256-2501-4108-ab4f-41544baf4a0d","type":"Microsoft.Flow/flows","properties":{"apiId":"/providers/Microsoft.PowerApps/apis/shared_logicflows","displayName":"RPA_Monitoring_Tool_Communication","definition":{"metadata":{"workflowEntityId":null,"processAdvisorMetadata":null,"flowclientsuspensionreason":"None","flowclientsuspensiontime":null,"flowclientsuspensionreasondetails":null,"creator":{"id":"d0461964-21df-40c3-9f36-899bff1d35e4","type":"User","tenantId":"e9112c5c-e4bb-4ab9-8b4c-3692f43531a7"},"provisioningMethod":"FromDefinition","failureAlertSubscription":true,"clientLastModifiedTime":"2023-02-05T10:28:56.9946421Z"},"$schema":"https://schema.management.azure.com/providers/Microsoft.Logic/schemas/2016-06-01/workflowdefinition.json#","contentVersion":"1.0.0.0","parameters":{"$connections":{"defaultValue":{},"type":"Object"},"$authentication":{"defaultValue":{},"type":"SecureObject"}},"triggers":{"manual":{"metadata":{"operationMetadataId":"f4ef29d2-340f-4e79-b1ad-561969d65243"},"type":"Request","kind":"PowerApp","inputs":{"schema":{"type":"object","properties":{"SetTitle_Value":{"type":"string","description":"Enter initial value","x-ms-powerflows-param-ispartial":false},"SetRequestor_Value":{"type":"string","description":"Enter initial value","x-ms-powerflows-param-ispartial":false},"SetReceiver_Value":{"type":"string","description":"Enter initial value","x-ms-powerflows-param-ispartial":false},"SetTimeStamp_Value":{"type":"string","description":"Enter initial value","x-ms-powerflows-param-ispartial":false},"SetMessage_Value":{"type":"string","description":"Enter initial value","x-ms-powerflows-param-ispartial":false}},"required":["SetTitle_Value","SetRequestor_Value","SetReceiver_Value","SetTimeStamp_Value","SetMessage_Value"]}}}},"actions":{"Set_Title":{"runAfter":{},"metadata":{"operationMetadataId":"f4c7a618-b934-4935-9444-034062e01422"},"type":"InitializeVariable","inputs":{"variables":[{"name":"Title","type":"string","value":"@{triggerBody()['SetTitle_Value']}"}]}},"Set_Requestor":{"runAfter":{"Set_Title":["Succeeded"]},"metadata":{"operationMetadataId":"caf678d6-0670-4f79-b8c1-d6429398b749"},"type":"InitializeVariable","inputs":{"variables":[{"name":"Requestor","type":"string","value":"@{triggerBody()['SetRequestor_Value']}"}]}},"Set_Receiver":{"runAfter":{"Set_Requestor":["Succeeded"]},"metadata":{"operationMetadataId":"776c76c1-95db-4377-8e57-fc2cc63621c0"},"type":"InitializeVariable","inputs":{"variables":[{"name":"Receiver","type":"string","value":"@{triggerBody()['SetReceiver_Value']}"}]}},"Set_TimeStamp":{"runAfter":{"Set_Receiver":["Succeeded"]},"metadata":{"operationMetadataId":"e1f5d8b9-da73-4a66-aea6-f925cd6de676"},"type":"InitializeVariable","inputs":{"variables":[{"name":"TimeStamp","type":"string","value":"@{triggerBody()['SetTimeStamp_Value']}"}]}},"Set_Message":{"runAfter":{"Set_TimeStamp":["Succeeded"]},"metadata":{"operationMetadataId":"6f1078a0-086a-4298-b09b-b51d8a99b466"},"type":"InitializeVariable","inputs":{"variables":[{"name":"Message","type":"string","value":"@{triggerBody()['SetMessage_Value']}"}]}},"Send_an_email_(V2)":{"runAfter":{"Set_Message":["Succeeded"]},"metadata":{"operationMetadataId":"6e34cb19-9849-4b41-a5e1-a96cba465f27"},"type":"OpenApiConnection","inputs":{"host":{"apiId":"/providers/Microsoft.PowerApps/apis/shared_office365","connectionName":"shared_office365","operationId":"SendEmailV2"},"parameters":{"emailMessage/To":"@variables('Receiver')","emailMessage/Subject":"@variables('Title')","emailMessage/Body":"<p>@{variables('Message')}<br>\n<br>\nMessage sent at - @{variables('TimeStamp')} from @{variables('Requestor')}</p>","emailMessage/Importance":"Normal"},"authentication":{"value":"@json(decodeBase64(triggerOutputs().headers['X-MS-APIM-Tokens']))['$ConnectionKey']","type":"Raw"}}}},"outputs":{}},"connectionReferences":{"shared_office365":{"connectionName":"92a551f44d6f4fdd966ad342dace1ef2","source":"Invoker","id":"/providers/Microsoft.PowerApps/apis/shared_office365","tier":"NotSpecified"}},"flowFailureAlertSubscribed":false,"isManaged":false}}